<prezi xsi:schemaLocation="http://prezi.com/schema/prezi/2 http://prezi.com/schema/prezi/2" xmlns:xsi="http://www.w3.org/2001/XMLSchema-instance" version="2" xmlns="http://prezi.com/schema/prezi/2"><xFields><xField name="preziType"><xEnum type="PreziType" value="converted-from-core"/></xField></xFields><background><background><layers><array><backgroundImage><depth><double value="563.3115600465688"/></depth><fadeScale><double value="0.0039054763935931418"/></fadeScale><width><double value="1615"/></width><height><double value="1440"/></height><onlineAssetId><string value="866501307"/></onlineAssetId><onlineAssetUrl><string value="http://0103.static.prezi.com.s3.amazonaws.com/media/f/2/5/b5a8e11dac4e34a231208a3a8637ffb268f32.png"/></onlineAssetUrl><assetSourceFilename><string value="Comp 1_2.png"/></assetSourceFilename><localToWorld><transform2D x="511531.70558119414" y="233114.47099995022" scale="1820.1308861471362" rotation="0"/></localToWorld></backgroundImage></array></layers></background></background><documentStyle><documentStyle><fontClasses><array><fontClass><fontFamily><string value="NotoSans"/></fontFamily><name><string value="body"/></name></fontClass><fontClass><fontFamily><string value="Tinos"/></fontFamily><fontWeight><fontWeight value="bold"/></fontWeight><name><string value="head"/></name></fontClass><fontClass><fontFamily><string value="Tinos"/></fontFamily><fontWeight><fontWeight value="bold"/></fontWeight><name><string value="strong"/></name></fontClass></array></fontClasses><fontFamilies><array><fontFamily><fontFaces><array><fontFace><fontSrc><string value="NotoSans-Regular.keg"/></fontSrc></fontFace><fontFace><fontSrc><string value="NotoSans-BoldItalic.keg"/></fontSrc><fontStyle><fontStyle value="italic"/></fontStyle><fontWeight><fontWeight value="bold"/></fontWeight></fontFace><fontFace><fontSrc><string value="NotoSans-Italic.keg"/></fontSrc><fontStyle><fontStyle value="italic"/></fontStyle></fontFace><fontFace><fontSrc><string value="NotoSans-Bold.keg"/></fontSrc><fontWeight><fontWeight value="bold"/></fontWeight></fontFace></array></fontFaces><name><string value="NotoSans"/></name></fontFamily><fontFamily><fontFaces><array><fontFace><fontSrc><string value="Tinos-Bold.keg"/></fontSrc><fontWeight><fontWeight value="bold"/></fontWeight></fontFace><fontFace><fontSrc><string value="Tinos-Bold.keg"/></fontSrc><fontWeight><fontWeight value="bold"/></fontWeight></fontFace><fontFace><fontSrc><string value="Tinos-Regular.keg"/></fontSrc></fontFace><fontFace><fontSrc><string value="Tinos-Italic.keg"/></fontSrc><fontStyle><fontStyle value="italic"/></fontStyle></fontFace><fontFace><fontSrc><string value="Tinos-BoldItalic.keg"/></fontSrc><fontStyle><fontStyle value="italic"/></fontStyle><fontWeight><fontWeight value="bold"/></fontWeight></fontFace></array></fontFaces><name><string value="Tinos"/></name></fontFamily></array></fontFamilies><styleDeclarations><array><styleDeclaration><styleBlock><styleBlock><gradEndAlpha><double value="0.7"/></gradEndAlpha><gradStartAlpha><double value="0.5"/></gradStartAlpha></styleBlock></styleBlock><styleSelector><simpleSelector value="zCircle"/></styleSelector></styleDeclaration><styleDeclaration><styleBlock><styleBlock><color><color value="#FFFFFF"/></color><gradEndColor><color value="#FFFFFF"/></gradEndColor><gradStartColor><color value="#FFFFFF"/></gradStartColor><fillType><fillType value="linear"/></fillType><borderColor><color value="#FFFFFF"/></borderColor></styleBlock></styleBlock><styleSelector><simpleSelector value="*.line1"/></styleSelector></styleDeclaration><styleDeclaration><styleBlock><styleBlock><color><color value="#7A4780"/></color><gradEndColor><color value="#7A4780"/></gradEndColor><gradStartColor><color value="#7A4780"/></gradStartColor><fillType><fillType value="linear"/></fillType><borderColor><color value="#7A4780"/></borderColor></styleBlock></styleBlock><styleSelector><simpleSelector value="*.line2"/></styleSelector></styleDeclaration><styleDeclaration><styleBlock><styleBlock><color><color value="#402776"/></color><gradEndColor><color value="#402776"/></gradEndColor><gradStartColor><color value="#402776"/></gradStartColor><fillType><fillType value="linear"/></fillType><borderColor><color value="#402776"/></borderColor></styleBlock></styleBlock><styleSelector><simpleSelector value="*.line3"/></styleSelector></styleDeclaration><styleDeclaration><styleBlock><styleBlock><color><color value="#A3CBE6"/></color><gradEndColor><color value="#F3347C"/></gradEndColor><gradStartColor><color value="#F3347C"/></gradStartColor><fillType><fillType value="linear"/></fillType><borderColor><color value="#A3CBE6"/></borderColor></styleBlock></styleBlock><styleSelector><simpleSelector value="*.line4"/></styleSelector></styleDeclaration><styleDeclaration><styleBlock><styleBlock><color><color value="#21BFF2"/></color><gradEndColor><color value="#21BFF2"/></gradEndColor><gradStartColor><color value="#21BFF2"/></gradStartColor><fillType><fillType value="linear"/></fillType><borderColor><color value="#21BFF2"/></borderColor></styleBlock></styleBlock><styleSelector><simpleSelector value="*.line5"/></styleSelector></styleDeclaration><styleDeclaration><styleBlock><styleBlock><color><color value="#5F7DA5"/></color><gradEndColor><color value="#FFFFFF"/></gradEndColor><gradStartColor><color value="#FFFFFF"/></gradStartColor><fillType><fillType value="linear"/></fillType><borderColor><color value="#3682A2"/></borderColor><borderThickness><double value="9"/></borderThickness></styleBlock></styleBlock><styleSelector><simpleSelector value="*.poly1"/></styleSelector></styleDeclaration><styleDeclaration><styleBlock><styleBlock><color><color value="#5F7DA5"/></color><gradEndColor><color value="#7A4780"/></gradEndColor><gradStartColor><color value="#7A4780"/></gradStartColor><fillType><fillType value="linear"/></fillType><borderColor><color value="#7A4780"/></borderColor><borderThickness><double value="0"/></borderThickness></styleBlock></styleBlock><styleSelector><simpleSelector value="*.poly2"/></styleSelector></styleDeclaration><styleDeclaration><styleBlock><styleBlock><color><color value="#5F7DA5"/></color><gradEndColor><color value="#402776"/></gradEndColor><gradStartColor><color value="#402776"/></gradStartColor><fillType><fillType value="linear"/></fillType><borderColor><color value="#402776"/></borderColor><borderThickness><double value="0"/></borderThickness></styleBlock></styleBlock><styleSelector><simpleSelector value="*.poly3"/></styleSelector></styleDeclaration><styleDeclaration><styleBlock><styleBlock><color><color value="#5F7DA5"/></color><gradEndColor><color value="#F3347C"/></gradEndColor><gradStartColor><color value="#F3347C"/></gradStartColor><fillType><fillType value="linear"/></fillType><borderColor><color value="#A3CBE6"/></borderColor><borderThickness><double value="0"/></borderThickness></styleBlock></styleBlock><styleSelector><simpleSelector value="*.poly4"/></styleSelector></styleDeclaration><styleDeclaration><styleBlock><styleBlock><color><color value="#5F7DA5"/></color><gradEndColor><color value="#21BFF2"/></gradEndColor><gradStartColor><color value="#21BFF2"/></gradStartColor><fillType><fillType value="linear"/></fillType><borderColor><color value="#21BFF2"/></borderColor><borderThickness><double value="9"/></borderThickness></styleBlock></styleBlock><styleSelector><simpleSelector value="*.poly5"/></styleSelector></styleDeclaration><styleDeclaration><styleBlock><styleBlock><gradEndColor><color value="#44466D"/></gradEndColor><gradStartColor><color value="#7AB5DD"/></gradStartColor><fillType><fillType value="linear"/></fillType></styleBlock></styleBlock><styleSelector><simpleSelector value="background"/></styleSelector></styleDeclaration><styleDeclaration><styleBlock><styleBlock><gradEndAlpha><double value="0"/></gradEndAlpha><gradEndColor><color value="#FFFFFF"/></gradEndColor><gradStartAlpha><double value="1"/></gradStartAlpha><gradStartColor><color value="#FFFFFF"/></gradStartColor><fillType><fillType value="linear"/></fillType><borderAlpha><double value="0"/></borderAlpha><borderColor><color value="#FFFFFF"/></borderColor><borderThickness><double value="1"/></borderThickness><thickness><double value="10"/></thickness></styleBlock></styleBlock><styleSelector><simpleSelector value="zArrow"/></styleSelector></styleDeclaration><styleDeclaration><styleBlock><styleBlock><gradEndAlpha><double value="1"/></gradEndAlpha><gradStartAlpha><double value="1"/></gradStartAlpha><borderAlpha><double value="0"/></borderAlpha><radius><double value="0"/></radius><thickness><double value="100"/></thickness></styleBlock></styleBlock><styleSelector><simpleSelector value="zCircle"/></styleSelector></styleDeclaration><styleDeclaration><styleBlock><styleBlock><color><color value="#FFFFFF"/></color></styleBlock></styleBlock><styleSelector><simpleSelector value="zPencil"/></styleSelector></styleDeclaration><styleDeclaration><styleBlock><styleBlock><gradEndAlpha><double value="0.4"/></gradEndAlpha><gradEndColor><color value="#000000"/></gradEndColor><gradStartAlpha><double value="0.4"/></gradStartAlpha><gradStartColor><color value="#000000"/></gradStartColor><fillType><fillType value="linear"/></fillType><borderAlpha><double value="0"/></borderAlpha><borderColor><color value="#000000"/></borderColor><borderThickness><double value="0"/></borderThickness><thickness><double value="8"/></thickness></styleBlock></styleBlock><styleSelector><simpleSelector value="zBracketFrame"/></styleSelector></styleDeclaration><styleDeclaration><styleBlock><styleBlock><gradEndAlpha><double value="0.4"/></gradEndAlpha><gradEndColor><color value="#402776"/></gradEndColor><gradStartAlpha><double value="0.85"/></gradStartAlpha><gradStartColor><color value="#402776"/></gradStartColor><fillType><fillType value="linear"/></fillType><borderAlpha><double value="0"/></borderAlpha><borderColor><color value="#000000"/></borderColor><borderThickness><double value="0"/></borderThickness><thickness><double value="8"/></thickness></styleBlock></styleBlock><styleSelector><simpleSelector value="zCircleFrame"/></styleSelector></styleDeclaration><styleDeclaration><styleBlock><styleBlock><gradEndAlpha><double value="0.2"/></gradEndAlpha><gradEndColor><color value="#FFFFFF"/></gradEndColor><gradStartAlpha><double value="0"/></gradStartAlpha><gradStartColor><color value="#FFFFFF"/></gradStartColor><fillType><fillType value="linear"/></fillType><borderAlpha><double value="1"/></borderAlpha><borderColor><color value="#FFFFFF"/></borderColor><borderThickness><double value="6"/></borderThickness><radius><double value="3"/></radius><thickness><double value="8"/></thickness></styleBlock></styleBlock><styleSelector><simpleSelector value="zRectangleFrame"/></styleSelector></styleDeclaration><styleDeclaration><styleBlock><styleBlock><padding><double value="1.2"/></padding></styleBlock></styleBlock><styleSelector><simpleSelector value="zText"/></styleSelector></styleDeclaration><styleDeclaration><styleBlock><styleBlock><color><color value="#FFFFE1"/></color><fontClass><string value="body"/></fontClass></styleBlock></styleBlock><styleSelector><simpleSelector value="zText.body"/></styleSelector></styleDeclaration><styleDeclaration><styleBlock><styleBlock><backgroundAlpha><double value="0.8"/></backgroundAlpha><backgroundColor><color value="#000000"/></backgroundColor><backgroundPadding><double value="20"/></backgroundPadding></styleBlock></styleBlock><styleSelector><simpleSelector value="zText.body-background"/></styleSelector></styleDeclaration><styleDeclaration><styleBlock><styleBlock><color><color value="#FFFFFF"/></color><fontClass><string value="head"/></fontClass></styleBlock></styleBlock><styleSelector><simpleSelector value="zText.title"/></styleSelector></styleDeclaration><styleDeclaration><styleBlock><styleBlock><backgroundAlpha><double value="0.9"/></backgroundAlpha><backgroundColor><color value="#402776"/></backgroundColor><backgroundPadding><double value="6"/></backgroundPadding></styleBlock></styleBlock><styleSelector><simpleSelector value="zText.title-background"/></styleSelector></styleDeclaration><styleDeclaration><styleBlock><styleBlock><color><color value="#FFFFE1"/></color><fontClass><string value="strong"/></fontClass></styleBlock></styleBlock><styleSelector><simpleSelector value="zText.subtitle"/></styleSelector></styleDeclaration><styleDeclaration><styleBlock><styleBlock><backgroundAlpha><double value="0.9"/></backgroundAlpha><backgroundColor><color value="#402776"/></backgroundColor><backgroundPadding><double value="8"/></backgroundPadding></styleBlock></styleBlock><styleSelector><simpleSelector value="zText.subtitle-background"/></styleSelector></styleDeclaration><styleDeclaration><styleBlock><styleBlock><color><color value="#FFFFFF"/></color></styleBlock></styleBlock><styleSelector><simpleSelector value="zLine"/></styleSelector></styleDeclaration><styleDeclaration><styleBlock><styleBlock><color><color value="#21BFF2"/></color><alpha><double value="0.85"/></alpha></styleBlock></styleBlock><styleSelector><simpleSelector value="zMarker"/></styleSelector></styleDeclaration><styleDeclaration><styleBlock><styleBlock><gradEndAlpha><double value="1"/></gradEndAlpha><gradStartAlpha><double value="1"/></gradStartAlpha><borderAlpha><double value="0"/></borderAlpha><radius><double value="0"/></radius><thickness><double value="100"/></thickness></styleBlock></styleBlock><styleSelector><simpleSelector value="zTriangle"/></styleSelector></styleDeclaration><styleDeclaration><styleBlock><styleBlock><gradEndAlpha><double value="1"/></gradEndAlpha><gradStartAlpha><double value="1"/></gradStartAlpha><borderAlpha><double value="0"/></borderAlpha><radius><double value="0"/></radius><thickness><double value="100"/></thickness></styleBlock></styleBlock><styleSelector><simpleSelector value="zSquare"/></styleSelector></styleDeclaration><styleDeclaration><styleBlock><styleBlock><thickness><double value="10"/></thickness></styleBlock></styleBlock><styleSelector><simpleSelector value="#33_30863873"/></styleSelector></styleDeclaration><styleDeclaration><styleBlock><styleBlock><thickness><double value="10"/></thickness></styleBlock></styleBlock><styleSelector><simpleSelector value="#34_30863873"/></styleSelector></styleDeclaration><styleDeclaration><styleBlock><styleBlock><thickness><double value="10"/></thickness></styleBlock></styleBlock><styleSelector><simpleSelector value="#35_30863873"/></styleSelector></styleDeclaration><styleDeclaration><styleBlock><styleBlock><thickness><double value="10"/></thickness></styleBlock></styleBlock><styleSelector><simpleSelector value="#36_30863873"/></styleSelector></styleDeclaration></array></styleDeclarations></documentStyle></documentStyle><path><array><flyToObject><target><ref value="1_24309637"/></target></flyToObject><flyToObject><target><ref value="28_30863873"/></target></flyToObject><flyToObject><target><ref value="29_30863873"/></target></flyToObject><flyToObject><target><ref value="2_30863873"/></target></flyToObject><flyToObject><target><ref value="31_30863873"/></target></flyToObject><flyToObject><target><ref value="32_30863873"/></target></flyToObject><flyToObject><target><ref value="5_30863873"/></target></flyToObject><flyToObject><target><ref value="15_30863873"/></target></flyToObject><flyToObject><target><ref value="30_30863873"/></target></flyToObject><flyToObject><target><ref value="4_78682203"/></target></flyToObject><flyToObject><target><ref value="9_78682203"/></target></flyToObject><flyToObject><target><ref value="12_78682203"/></target></flyToObject><flyToObject><target><ref value="13_78682203"/></target></flyToObject><flyToObject><target><ref value="15_78682203"/></target></flyToObject></array></path><zObjects><array><zInvisibleFrame><id><string value="1_24309637"/></id><width><double value="1197.448853773701"/></width><height><double value="673.5649802477071"/></height><styleClasses><array><token value="invisible"/></array></styleClasses><localToWorld><transform2D x="4.969941400526125E-11" y="-1.2655854180292198E-11" scale="1474.7332391698176" rotation="0"/></localToWorld></zInvisibleFrame><zText><id><string value="2_24309637"/></id><text><text><width>348.9339291265141</width><p><span style="italic"><![CDATA[Описание класса по работе с комплексными числами]]></span></p><p/><p><span><![CDATA[Выполнил: ученик 10”Г” класса Нагаев Марат]]></span></p><p><span><![CDATA[Руководитель: учитель математики Рожкова Дина Александровна]]></span></p><p/></text></text><styleClasses><array><token value="title"/></array></styleClasses><localToWorld><transform2D x="-484683.41892957635" y="129549.01375126727" scale="1868.3666392801483" rotation="0"/></localToWorld></zText><zCircleFrame><id><string value="28_30863873"/></id><width><double value="800"/></width><height><double value="800"/></height><styleClasses><array><token value="circle"/></array></styleClasses><localToWorld><transform2D x="230144.15780066207" y="-2980.7652744391303" scale="478.47880008332226" rotation="0"/></localToWorld></zCircleFrame><zCircleFrame><id><string value="29_30863873"/></id><width><double value="600.3291278113"/></width><height><double value="600"/></height><styleClasses><array><token value="circle"/></array></styleClasses><localToWorld><transform2D x="-55624.16665061467" y="-193153.1966275197" scale="309.6438951195942" rotation="0"/></localToWorld></zCircleFrame><zCircleFrame><id><string value="30_30863873"/></id><width><double value="800"/></width><height><double value="800"/></height><styleClasses><array><token value="circle"/></array></styleClasses><localToWorld><transform2D x="518254.2433784562" y="-190612.46233338607" scale="189.04753443121683" rotation="0"/></localToWorld></zCircleFrame><zCircleFrame><id><string value="31_30863873"/></id><width><double value="600.250521920668"/></width><height><double value="600"/></height><styleClasses><array><token value="circle"/></array></styleClasses><localToWorld><transform2D x="-164266.10220760514" y="163904.54512739624" scale="406.8003997868503" rotation="0"/></localToWorld></zCircleFrame><zCircleFrame><id><string value="32_30863873"/></id><width><double value="800"/></width><height><double value="800"/></height><styleClasses><array><token value="circle"/></array></styleClasses><localToWorld><transform2D x="637151.4249669492" y="119767.31238877501" scale="316.43805628513655" rotation="0"/></localToWorld></zCircleFrame><zArrow><id><string value="33_30863873"/></id><startEndDistance><double value="-94.64923925296996"/></startEndDistance><arcHeight><double value="-20.52594128777686"/></arcHeight><styleClasses><array><token value="line3"/></array></styleClasses><localToWorld><transform2D x="75828.63805616564" y="-179506.61645622493" scale="699.6858641332091" rotation="0.4650920633043108"/></localToWorld></zArrow><zArrow><id><string value="34_30863873"/></id><startEndDistance><double value="-141.43793403651608"/></startEndDistance><arcHeight><double value="-22.377951720094806"/></arcHeight><styleClasses><array><token value="line3"/></array></styleClasses><localToWorld><transform2D x="5041.9409218623805" y="99839.77323757546" scale="699.6858641332091" rotation="-0.2617993877991494"/></localToWorld></zArrow><zArrow><id><string value="35_30863873"/></id><startEndDistance><double value="144.097393403534"/></startEndDistance><arcHeight><double value="-30.9592139898044"/></arcHeight><styleClasses><array><token value="line3"/></array></styleClasses><localToWorld><transform2D x="474667.7715236661" y="40585.08203269711" scale="699.6858641332091" rotation="-0.06954798380704628"/></localToWorld></zArrow><zArrow><id><string value="36_30863873"/></id><startEndDistance><double value="103.6992313093863"/></startEndDistance><arcHeight><double value="-15.664383124189175"/></arcHeight><styleClasses><array><token value="line3"/></array></styleClasses><localToWorld><transform2D x="403297.09295978124" y="-164750.45812851522" scale="699.6858641332087" rotation="-0.6165264014722166"/></localToWorld></zArrow><zText><id><string value="12_4"/></id><text><text><width>220.4993900181616</width><p align="center"><span><![CDATA[Цели и задачи:]]></span></p></text></text><styleClasses><array><token value="subtitle"/></array></styleClasses><localToWorld><transform2D x="228466.8220059428" y="-99528.7858054757" scale="1054.8413191967932" rotation="0"/></localToWorld></zText><zText><id><string value="25_4"/></id><text><text><width>799.0184986807858</width><p><span style="italic"><![CDATA[Цель:]]></span></p><p indent="1" listType="bullet"><span><![CDATA[  изучить основы объектно-ориентированного программирования (ООП) и применить полученные знания при создании калькулятора комплексных чисел]]></span></p><p><span style="italic"><![CDATA[Задачи:]]></span></p><p indent="1" listType="bullet"><span><![CDATA[рассмотреть основы ООП на языке С++;]]></span></p><p indent="1" listType="bullet"><span><![CDATA[рассмотреть основные определения и формулы, связанные с работой с комплексными числами;]]></span></p><p indent="1" listType="bullet"><span><![CDATA[реализовать класс по работе с комплексными числами, который можно рассматривать как калькулятор комплексных чисел в помощь математику;]]></span></p><p indent="1" listType="bullet"><span><![CDATA[познакомиться с визуальным программированием на С++ в среде Visual Studio;]]></span></p><p indent="1" listType="bullet"><span><![CDATA[ опубликовать результаты исследования и программный продукт в сети Интернет с целью получить отзывы специалистов в области программирования и математики.]]></span></p></text></text><styleClasses><array><token value="body"/></array></styleClasses><localToWorld><transform2D x="233515.64969658275" y="11324.443769937123" scale="388.25763059405085" rotation="0"/></localToWorld></zText><zText><id><string value="6_30863873"/></id><text><text><width>359.35964014650847</width><p align="center"><span><![CDATA[Тригонометрическая форма записи]]></span></p></text></text><styleClasses><array><token value="subtitle"/></array></styleClasses><localToWorld><transform2D x="-161923.59201225764" y="86821.67680242904" scale="475.41753267685453" rotation="0"/></localToWorld></zText><zImage><id><string value="1_78682203"/></id><onlineAssetId><string value="5073682877"/></onlineAssetId><onlineAssetUrl><string value="http://0103.static.prezi.com.s3.amazonaws.com/media/0/8/2/9551b8a425221314c16fe8ce377eacb15c66f.jpg"/></onlineAssetUrl><assetSourceFilename><string value="comp2.jpg"/></assetSourceFilename><width><double value="333"/></width><height><double value="278"/></height><localToWorld><transform2D x="-157006.1206681994" y="130851.61115092161" scale="168.61015344810008" rotation="0"/></localToWorld></zImage><zText><id><string value="7_30863873"/></id><text><text><width>390.9237784827681</width><p><span><![CDATA[Модуль комплексного числа]]></span></p></text></text><styleClasses><array><token value="subtitle"/></array></styleClasses><localToWorld><transform2D x="-137823.67050368545" y="174371.67672589456" scale="475.41753267685453" rotation="0"/></localToWorld></zText><zText><id><string value="8_30863873"/></id><text><text><width>334.9139975677768</width><p align="center"><span><![CDATA[Сложение и вычитание]]></span></p></text></text><styleClasses><array><token value="subtitle"/></array></styleClasses><localToWorld><transform2D x="637113.9688953204" y="20147.090462162167" scale="419.3002029725878" rotation="0"/></localToWorld></zText><zImage><id><string value="3_78682203"/></id><onlineAssetId><string value="5073683763"/></onlineAssetId><onlineAssetUrl><string value="http://0103.static.prezi.com.s3.amazonaws.com/media/a/e/8/b0d42f127feaff30cd57cb13180c91d61988c.jpg"/></onlineAssetUrl><assetSourceFilename><string value="comp4.jpg"/></assetSourceFilename><width><double value="560"/></width><height><double value="419"/></height><localToWorld><transform2D x="641732.128173648" y="74804.01499346447" scale="221.6858646187491" rotation="0"/></localToWorld></zImage><zText><id><string value="10_30863873"/></id><text><text><width>313.32960638705026</width><p align="center"><span><![CDATA[Возведение в степень]]></span></p></text></text><styleClasses><array><token value="subtitle"/></array></styleClasses><localToWorld><transform2D x="519869.76194021665" y="-248012.5189933929" scale="313.12474899925525" rotation="0"/></localToWorld></zText><zImage><id><string value="5_78682203"/></id><onlineAssetId><string value="5073684816"/></onlineAssetId><onlineAssetUrl><string value="http://0103.static.prezi.com.s3.amazonaws.com/media/0/a/2/6beef4e20f372dcb6570ed80203b9cf73f2d5.jpg"/></onlineAssetUrl><assetSourceFilename><string value="comp5.jpg"/></assetSourceFilename><width><double value="498"/></width><height><double value="392"/></height><localToWorld><transform2D x="544365.3484516751" y="-218319.9149632785" scale="121.69403129185238" rotation="0"/></localToWorld></zImage><zText><id><string value="0_30863873"/></id><text><text><width>370.1655111717502</width><p align="center"><span><![CDATA[Определение комплексного числа]]></span></p></text></text><styleClasses><array><token value="subtitle"/></array></styleClasses><localToWorld><transform2D x="-54196.661637772886" y="-255476.96659489613" scale="290.98174912340187" rotation="0"/></localToWorld></zText><zImage><id><string value="0_78682203"/></id><onlineAssetId><string value="5073682032"/></onlineAssetId><onlineAssetUrl><string value="http://0103.static.prezi.com.s3.amazonaws.com/media/7/6/4/aa71aafb5a0249d03a2ef19f515151dfbedec.jpg"/></onlineAssetUrl><assetSourceFilename><string value="comp1.jpg"/></assetSourceFilename><width><double value="314"/></width><height><double value="315"/></height><localToWorld><transform2D x="-5624.807876752212" y="-199635.5004449706" scale="206.32711946677102" rotation="0"/></localToWorld></zImage><zText><id><string value="1_30863873"/></id><text><text><width>561.3676844080691</width><p><span><![CDATA[Комплексное число – число вида:]]></span></p><p><span><![CDATA[​​=​​+​​​​,]]></span></p><p><span><![CDATA[​​^2=−1]]></span></p><p><span><![CDATA[a и b – вещественные числа]]></span></p><p/></text></text><styleClasses><array><token value="body"/></array></styleClasses><localToWorld><transform2D x="-53566.9768202449" y="-226589.11670377493" scale="236.44346348628616" rotation="0"/></localToWorld></zText><zCircleFrame><id><string value="2_30863873"/></id><width><double value="600.0000000000002"/></width><height><double value="600"/></height><styleClasses><array><token value="circle"/></array></styleClasses><localToWorld><transform2D x="-55624.16665061467" y="-140196.07788611492" scale="98.78150046838924" rotation="-0.03043909633974855"/></localToWorld></zCircleFrame><zText><id><string value="3_30863873"/></id><text><text><width>220.4993900181616</width><p align="center"><span><![CDATA[Описание класса]]></span></p></text></text><styleClasses><array><token value="subtitle"/></array></styleClasses><localToWorld><transform2D x="-56808.58296608403" y="-163191.43274351358" scale="134.98202672794028" rotation="-0.03043909633974851"/></localToWorld></zText><zText><id><string value="4_30863873"/></id><text><text><width>390.9237784827681</width><p><span><![CDATA[class complex{]]></span></p><p><span><![CDATA[ double real;]]></span></p><p><span><![CDATA[ double img;]]></span></p><p><span><![CDATA[ public:]]></span></p><p><span><![CDATA[ complex(const complex& c){  ]]></span></p><p><span><![CDATA[  this->img=c.img;]]></span></p><p><span><![CDATA[  this->real=c.real;]]></span></p><p><span><![CDATA[ }]]></span></p><p><span><![CDATA[ complex(double, double);]]></span></p><p><span><![CDATA[ complex::complex(double a, double b){    ]]></span></p><p><span><![CDATA[ real=a; img=b;]]></span></p><p><span><![CDATA[   }]]></span></p></text></text><styleClasses><array><token value="body"/></array></styleClasses><localToWorld><transform2D x="-50892.93411980095" y="-138395.12231695754" scale="104.39012622617206" rotation="-0.030439096339748433"/></localToWorld></zText><zCircleFrame><id><string value="5_30863873"/></id><width><double value="800"/></width><height><double value="800"/></height><styleClasses><array><token value="circle"/></array></styleClasses><localToWorld><transform2D x="590632.2632655192" y="173235.27196857016" scale="97.52994283049568" rotation="0"/></localToWorld></zCircleFrame><zText><id><string value="12_30863873"/></id><text><text><width>220.4993900181616</width><p align="center"><span><![CDATA[Реализация +]]></span></p></text></text><styleClasses><array><token value="subtitle"/></array></styleClasses><localToWorld><transform2D x="590290.3662700035" y="153555.56427587869" scale="215.01185327039087" rotation="-6.295001093766601E-17"/></localToWorld></zText><zText><id><string value="13_30863873"/></id><text><text><width>390.9237784827681</width><p><span><![CDATA[complex operator + (complex c){     // Перегрузка оператора ]]></span></p><p><span><![CDATA[ complex tmp;]]></span></p><p><span><![CDATA[ tmp.real=this->real+c.real;]]></span></p><p><span><![CDATA[ tmp.img=this->img+c.img;]]></span></p><p><span><![CDATA[ return tmp;]]></span></p><p><span><![CDATA[}]]></span></p></text></text><styleClasses><array><token value="body"/></array></styleClasses><localToWorld><transform2D x="590343.9625171744" y="182661.86775794602" scale="124.06075410712134" rotation="-4.363990405349955E-17"/></localToWorld></zText><zCircleFrame><id><string value="15_30863873"/></id><width><double value="800"/></width><height><double value="800"/></height><styleClasses><array><token value="circle"/></array></styleClasses><localToWorld><transform2D x="674145.1142610398" y="182972.08537597215" scale="97.52994283049568" rotation="0"/></localToWorld></zCircleFrame><zText><id><string value="16_30863873"/></id><text><text><width>220.4993900181616</width><p align="center"><span><![CDATA[Реализация -]]></span></p></text></text><styleClasses><array><token value="subtitle"/></array></styleClasses><localToWorld><transform2D x="673803.2172655239" y="163292.3776832808" scale="215.01185327039062" rotation="0"/></localToWorld></zText><zText><id><string value="17_30863873"/></id><text><text><width>390.9237784827681</width><p><span><![CDATA[complex operator - (complex c){]]></span></p><p><span><![CDATA[  complex tmp;]]></span></p><p><span><![CDATA[  tmp.real=this->real-c.real;]]></span></p><p><span><![CDATA[  tmp.img=this->img-c.img;]]></span></p><p><span><![CDATA[  return tmp;]]></span></p><p><span><![CDATA[ }]]></span></p></text></text><styleClasses><array><token value="body"/></array></styleClasses><localToWorld><transform2D x="673856.8135126949" y="190290.3680620359" scale="124.06075410712121" rotation="0"/></localToWorld></zText><zImage><id><string value="2_78682203"/></id><onlineAssetId><string value="5073683415"/></onlineAssetId><onlineAssetUrl><string value="http://0103.static.prezi.com.s3.amazonaws.com/media/7/4/e/e5b6f426a9561cbf788d042035c0650e62e86.jpg"/></onlineAssetUrl><assetSourceFilename><string value="comp3.jpg"/></assetSourceFilename><width><double value="388"/></width><height><double value="73"/></height><localToWorld><transform2D x="-164680.2" y="190239.2" scale="175.72117210336202" rotation="0"/></localToWorld></zImage><zCircleFrame><id><string value="4_78682203"/></id><width><double value="800"/></width><height><double value="800"/></height><styleClasses><array><token value="circle"/></array></styleClasses><localToWorld><transform2D x="395186.52067220915" y="-243014.57223543536" scale="25.234376119850968" rotation="0"/></localToWorld></zCircleFrame><zText><id><string value="6_78682203"/></id><text><text><width>273.8434454711264</width><p><span><![CDATA[complex powc(int a){]]></span></p><p><span><![CDATA[complex tmp;]]></span></p><p><span><![CDATA[tmp.real=pow(this-]]></span></p><p><span><![CDATA[>module(),a)*cos(a*this->getf());]]></span></p><p><span><![CDATA[tmp.img=pow(this->module(),a)*sin(a*this->getf());]]></span></p><p><span><![CDATA[return tmp;]]></span></p><p><span><![CDATA[}]]></span></p></text></text><styleClasses><array><token value="subtitle"/></array></styleClasses><localToWorld><transform2D x="489269.3387673432" y="-184497.65153569917" scale="258.7807842969052" rotation="0"/></localToWorld></zText><zText><id><string value="7_78682203"/></id><text><text><width>-178.46484375</width><p><span><![CDATA[Синус и косинус]]></span></p></text></text><styleClasses><array><token value="subtitle"/></array></styleClasses><localToWorld><transform2D x="394748.8473685463" y="-251036.70033676722" scale="28.236987333093435" rotation="0"/></localToWorld></zText><zImage><id><string value="8_78682203"/></id><onlineAssetId><string value="5073685409"/></onlineAssetId><onlineAssetUrl><string value="http://0103.static.prezi.com.s3.amazonaws.com/media/9/e/9/fd49b72c6e67dee38d6bd6277148592ba3271.jpg"/></onlineAssetUrl><assetSourceFilename><string value="comp6.jpg"/></assetSourceFilename><width><double value="557"/></width><height><double value="394"/></height><localToWorld><transform2D x="395302.2923202749" y="-243426.83225049856" scale="24.283434966893264" rotation="0"/></localToWorld></zImage><zCircleFrame><id><string value="9_78682203"/></id><width><double value="800"/></width><height><double value="800"/></height><styleClasses><array><token value="circle"/></array></styleClasses><localToWorld><transform2D x="378759.65329118207" y="-250054.05317757552" scale="3.368326067165868" rotation="0"/></localToWorld></zCircleFrame><zText><id><string value="10_78682203"/></id><text><text><width>-331.640625</width><p><span><![CDATA[complex sinc(){]]></span></p><p><span><![CDATA[complex tmp;]]></span></p><p><span><![CDATA[tmp.real=sin(this->real)*(exp]]></span></p><p><span><![CDATA[(-this->img) + exp(this->img))/2;]]></span></p><p><span><![CDATA[tmp.img=cos(this->real)*(-exp]]></span></p><p><span><![CDATA[(-this->img) + exp(this->img))/2;]]></span></p><p><span><![CDATA[return tmp;]]></span></p><p><span><![CDATA[} ]]></span></p><p/></text></text><styleClasses><array><token value="subtitle"/></array></styleClasses><localToWorld><transform2D x="378456.1056773514" y="-250469.13689137204" scale="3.5296234166366793" rotation="0"/></localToWorld></zText><zText><id><string value="11_78682203"/></id><text><text><width>-331.640625</width><p><span><![CDATA[complex cosc(){]]></span></p><p><span><![CDATA[complex tmp;]]></span></p><p><span><![CDATA[tmp.real=cos(this->real)*(exp]]></span></p><p><span><![CDATA[(-this->img) + exp(this->img))/2;]]></span></p><p><span><![CDATA[tmp.img=sin(this->real)*(exp]]></span></p><p><span><![CDATA[(-this->img) - exp(this->img))/2;]]></span></p><p><span><![CDATA[return tmp;]]></span></p><p><span><![CDATA[} ]]></span></p><p/></text></text><styleClasses><array><token value="subtitle"/></array></styleClasses><localToWorld><transform2D x="379210.7391638283" y="-249574.73445387377" scale="3.5296234166366793" rotation="0"/></localToWorld></zText><zInvisibleFrame><id><string value="12_78682203"/></id><width><double value="1136.741214057508"/></width><height><double value="600"/></height><styleClasses><array><token value="invisible"/></array></styleClasses><localToWorld><transform2D x="378759.65329118207" y="-250054.05317757552" scale="4.690927960057472" rotation="0"/></localToWorld></zInvisibleFrame><zCircleFrame><id><string value="13_78682203"/></id><width><double value="800"/></width><height><double value="800"/></height><styleClasses><array><token value="circle"/></array></styleClasses><localToWorld><transform2D x="376473.86916656815" y="-251028.22924056725" scale="0.4688318990113057" rotation="0"/></localToWorld></zCircleFrame><zText><id><string value="14_78682203"/></id><text><text><width>-170.4375</width><p><span><![CDATA[Статья на Habr]]></span></p></text></text><styleClasses><array><token value="subtitle"/></array></styleClasses><localToWorld><transform2D x="376473.8280794402" y="-251151.02795845398" scale="0.7277636399363092" rotation="0"/></localToWorld></zText><zCircleFrame><id><string value="15_78682203"/></id><width><double value="800"/></width><height><double value="800"/></height><styleClasses><array><token value="circle"/></array></styleClasses><localToWorld><transform2D x="376168.7315333871" y="-251158.23658521715" scale="0.06258045370562479" rotation="0"/></localToWorld></zCircleFrame><zImage><id><string value="16_78682203"/></id><onlineAssetId><string value="5073686599"/></onlineAssetId><onlineAssetUrl><string value="http://0103.static.prezi.com.s3.amazonaws.com/media/d/9/d/eeb1618bcf9f3dcf4e219df9a9da3c5c24cc7.jpg"/></onlineAssetUrl><assetSourceFilename><string value="comp7.jpg"/></assetSourceFilename><width><double value="768"/></width><height><double value="418"/></height><localToWorld><transform2D x="376168.7315333871" y="-251158.23658521715" scale="0.04493849811545821" rotation="0"/></localToWorld></zImage><zText><id><string value="17_78682203"/></id><text><text><width>243.84304210682288</width><p><span><![CDATA[double complex::module(){ ]]></span></p><p><span><![CDATA[return sqrt(real*real+img*img);]]></span></p><p><span><![CDATA[}]]></span></p></text></text><styleClasses><array><token value="subtitle"/></array></styleClasses><localToWorld><transform2D x="-150501.9" y="233833.4" scale="475.41753267685453" rotation="0"/></localToWorld></zText></array></zObjects></prezi>